B.1.1,B,B.1,B.40,A,B.1.434,B.31,B.1.264,B.1.1.33,B.1.320,B.3,B.61,A.2.2,A.1,B.29,B.35,B.1.356
N_R203K,NSP2_D268del,M_D3G,NS3_G251V,NSP4_G79V,NS3_Q57H,N_D22G,Spike_S50L,N_R203K,Spike_S221L,NSP2_G212D,NS3_G251V,NS3_G196V,NSP13_P504L,NSP3_L216F,NSP3_N1587S,NSP2_S211F
N_G204R,NSP6_L37F,NSP12_P323L,NSP2_I559V,NSP3_P153L,NSP2_T85I,NSP3_S126L,NSP7_S26F,NS3_R134L,NS3_Q57H,,NSP2_P585S,NSP4_F308Y,NSP13_Y541C,NS3_G251V,NS3_G251V,NS3_A99V
M_T175M,NSP2_D268del,Spike_D614G,NSP2_P585S,NSP3_G282V,NSP3_G282V,NSP12_D63Y,NS3_Q57H,N_G204R,M_S214I,,NSP3_A358V,N_P13L,NSP3_P1326T,NSP3_G282V,N_T205I,NS3_Q57H
NSP12_P323L,NS3_G196V,M_A69S,NSP3_T725A,NSP3_G887C,NSP12_P323L,NSP13_V570L,NSP2_T85I,NSP12_P323L,NSP2_T85I,,,N_S197L,NSP3_Q878H,NSP6_L37F,,NSP2_T85I
Spike_D614G,Spike_D614G,Spike_V524L,NS3_G251V,NSP1_D75E,Spike_D614G,NS3_G251V,NSP12_P323L,Spike_D614G,NSP12_P323L,,,NS8_L84S,NS8_L84S,Spike_G1124V,,NSP12_P323L
N_R203K,NS3_G251V,NSP12_P323L,NSP2_I559V,NS8_L84S,NSP7_S25L,NSP3_G282V,Spike_D614G,NS6_I33T,Spike_D614G,,,,,,,Spike_D614G
N_G204R,NS3_G251V,Spike_D614G,NSP2_P585S,NS8_L84S,NSP14_P327S,NSP6_L37F,,N_I292T,,,,,,,,
NSP12_P323L,NSP3_G282V,Spike_G1124V,NSP6_L37F,NS8_L84S,NS3_Q57H,Spike_G1124V,,,,,,,,,,
Spike_D614G,NSP6_L37F,NSP3_G282V,N_S202I,,NSP2_T85I,N_D22G,,,,,,,,,,
NSP3_T1004I,Spike_G1124V,NSP12_P323L,NS3_G251V,,NSP3_G282V,NS3_G251V,,,,,,,,,,
N_R203K,NSP4_G79V,Spike_D614G,NSP2_I559V,,NSP12_P323L,,,,,,,,,,,
N_G204R,NSP3_T1378I,Spike_G1124V,NSP2_P585S,,Spike_D614G,,,,,,,,,,,
NSP2_K219R,NSP3_G282V,NS3_Q57H,NSP3_T725A,,Spike_G1124V,,,,,,,,,,,
NSP12_P323L,NSP3_T763M,NSP2_T85I,NS3_G251V,,,,,,,,,,,,,
Spike_D614G,NSP2_D268del,NSP12_P323L,NSP2_I559V,,,,,,,,,,,,,
NSP3_T1004I,Spike_G1124V,Spike_D614G,NSP2_P585S,,,,,,,,,,,,,
N_R203K,Spike_H49Y,Spike_V341I,NSP6_L37F,,,,,,,,,,,,,
N_G204R,,NSP12_P323L,N_S202I,,,,,,,,,,,,,
NSP2_K219R,Spike_H49Y,Spike_D614G,,,,,,,,,,,,,,
NSP12_P323L,,NSP12_P323L,,,,,,,,,,,,,,
Spike_D614G,,Spike_D614G,,,,,,,,,,,,,,
N_R203K,,M_D3G,,,,,,,,,,,,,,
N_G204R,,NSP14_L177F,,,,,,,,,,,,,,
M_T175M,,NSP12_P323L,,,,,,,,,,,,,,
Spike_A845S,,Spike_D614G,,,,,,,,,,,,,,
NSP12_P323L,,Spike_Q787R,,,,,,,,,,,,,,
Spike_D614G,,NSP13_V570L,,,,,,,,,,,,,,
N_R203K,,NSP12_P323L,,,,,,,,,,,,,,
N_G204R,,Spike_D614G,,,,,,,,,,,,,,
NSP12_P323L,,,,,,,,,,,,,,,,
Spike_D614G,,,,,,,,,,,,,,,,
N_R203K,,,,,,,,,,,,,,,,
N_G204R,,,,,,,,,,,,,,,,
NSP12_P323L,,,,,,,,,,,,,,,,
Spike_D614G,,,,,,,,,,,,,,,,
N_R203K,,,,,,,,,,,,,,,,
N_G204R,,,,,,,,,,,,,,,,
NSP12_P323L,,,,,,,,,,,,,,,,
Spike_D614G,,,,,,,,,,,,,,,,
Spike_L54F,,,,,,,,,,,,,,,,
N_R203K,,,,,,,,,,,,,,,,
N_G204R,,,,,,,,,,,,,,,,
NSP12_P323L,,,,,,,,,,,,,,,,
Spike_D614G,,,,,,,,,,,,,,,,
N_R203K,,,,,,,,,,,,,,,,
N_G204R,,,,,,,,,,,,,,,,
NSP12_P323L,,,,,,,,,,,,,,,,
Spike_D614G,,,,,,,,,,,,,,,,
N_R203K,,,,,,,,,,,,,,,,
N_G204R,,,,,,,,,,,,,,,,
NSP2_D114N,,,,,,,,,,,,,,,,
NS8_V5F,,,,,,,,,,,,,,,,
NSP12_P323L,,,,,,,,,,,,,,,,
Spike_D614G,,,,,,,,,,,,,,,,
Spike_G1124V,,,,,,,,,,,,,,,,
NSP6_L75F,,,,,,,,,,,,,,,,
NSP3_D218E,,,,,,,,,,,,,,,,
N_R203K,,,,,,,,,,,,,,,,
N_G204R,,,,,,,,,,,,,,,,
NSP12_P323L,,,,,,,,,,,,,,,,
Spike_D614G,,,,,,,,,,,,,,,,
